{"cameraMode":{"drawMode":0,"name":"Shaded","section":"Shading Mode"},"sceneLighting":true,"audioPlay":false,"sceneViewState":{"m_AlwaysRefresh":true,"showFog":true,"showSkybox":true,"showFlares":true,"showImageEffects":true,"showParticleSystems":true,"showVisualEffectGraphs":true,"m_FxEnabled":true},"in2DMode":false,"pivot":{"x":-28.27696990966797,"y":-0.9110093116760254,"z":44.786033630371097},"rotation":{"x":-0.006344498600810766,"y":-0.9895267486572266,"z":0.13714338839054109,"w":-0.04818207398056984},"size":9.112567901611329,"orthographic":false}