{"cameraMode":{"drawMode":0,"name":"Shaded","section":"Shading Mode"},"sceneLighting":true,"audioPlay":false,"sceneViewState":{"m_AlwaysRefresh":false,"showFog":true,"showSkybox":true,"showFlares":true,"showImageEffects":true,"showParticleSystems":true,"showVisualEffectGraphs":true,"m_FxEnabled":true},"in2DMode":false,"pivot":{"x":2.6686694622039797,"y":-0.5151205062866211,"z":-15.68203067779541},"rotation":{"x":-0.051193710416555408,"y":-0.9530424475669861,"z":0.19184476137161256,"w":-0.23761965334415437},"size":11.325742721557618,"orthographic":false}