{"cameraMode":{"drawMode":0,"name":"Shaded","section":"Shading Mode"},"sceneLighting":true,"audioPlay":false,"sceneViewState":{"m_AlwaysRefresh":false,"showFog":true,"showSkybox":true,"showFlares":true,"showImageEffects":true,"showParticleSystems":true,"showVisualEffectGraphs":true,"m_FxEnabled":true},"in2DMode":false,"pivot":{"x":13.219013214111329,"y":-5.042083740234375,"z":0.43230128288269045},"rotation":{"x":0.4460671544075012,"y":-0.041702162474393848,"z":0.013781229965388775,"w":0.8960581421852112},"size":7.979386329650879,"orthographic":false}