{"cameraMode":{"drawMode":0,"name":"Shaded","section":"Shading Mode"},"sceneLighting":true,"audioPlay":false,"sceneViewState":{"m_AlwaysRefresh":false,"showFog":true,"showSkybox":true,"showFlares":true,"showImageEffects":true,"showParticleSystems":true,"showVisualEffectGraphs":true,"m_FxEnabled":true},"in2DMode":false,"pivot":{"x":0.22341859340667725,"y":2.6305177211761476,"z":-7.5034990310668949},"rotation":{"x":0.042421627789735797,"y":0.936796247959137,"z":-0.28799042105674746,"w":0.20776048302650453},"size":5.10066556930542,"orthographic":false}