{"cameraMode":{"drawMode":0,"name":"Shaded","section":"Shading Mode"},"sceneLighting":true,"audioPlay":false,"sceneViewState":{"m_AlwaysRefresh":true,"showFog":true,"showSkybox":true,"showFlares":true,"showImageEffects":true,"showParticleSystems":true,"showVisualEffectGraphs":true,"m_FxEnabled":true},"in2DMode":false,"pivot":{"x":10.162359237670899,"y":-0.3310236930847168,"z":-24.68501091003418},"rotation":{"x":0.02725619077682495,"y":-0.9654691815376282,"z":0.08555431663990021,"w":0.24730561673641206},"size":4.905350685119629,"orthographic":false}