{"cameraMode":{"drawMode":0,"name":"Shaded","section":"Shading Mode"},"sceneLighting":true,"audioPlay":false,"sceneViewState":{"m_AlwaysRefresh":true,"showFog":true,"showSkybox":true,"showFlares":true,"showImageEffects":true,"showParticleSystems":true,"showVisualEffectGraphs":true,"m_FxEnabled":true},"in2DMode":false,"pivot":{"x":6.4179887771606449,"y":1.5944876670837403,"z":76.69817352294922},"rotation":{"x":-0.018423473462462426,"y":-0.13632194697856904,"z":0.007097217720001936,"w":-0.9911629557609558},"size":13.38769245147705,"orthographic":false}