{"cameraMode":{"drawMode":0,"name":"Shaded","section":"Shading Mode"},"sceneLighting":true,"audioPlay":false,"sceneViewState":{"m_AlwaysRefresh":false,"showFog":true,"showSkybox":true,"showFlares":true,"showImageEffects":true,"showParticleSystems":true,"showVisualEffectGraphs":true,"m_FxEnabled":true},"in2DMode":false,"pivot":{"x":-8.139059066772461,"y":2.1500213146209719,"z":15.159138679504395},"rotation":{"x":-0.14664049446582795,"y":0.7869237661361694,"z":-0.20368094742298127,"w":-0.5663067102432251},"size":7.5923943519592289,"orthographic":false}