{"cameraMode":{"drawMode":0,"name":"Shaded","section":"Shading Mode"},"sceneLighting":true,"audioPlay":false,"sceneViewState":{"m_AlwaysRefresh":true,"showFog":true,"showSkybox":true,"showFlares":true,"showImageEffects":true,"showParticleSystems":true,"showVisualEffectGraphs":true,"m_FxEnabled":true},"in2DMode":false,"pivot":{"x":-0.05747997760772705,"y":10.649210929870606,"z":-20.54973602294922},"rotation":{"x":-0.005403079092502594,"y":0.9991562366485596,"z":0.02407069504261017,"w":0.049218177795410159},"size":11.94127082824707,"orthographic":false}