{"cameraMode":{"drawMode":0,"name":"Shaded","section":"Shading Mode"},"sceneLighting":true,"audioPlay":false,"sceneViewState":{"m_AlwaysRefresh":false,"showFog":true,"showSkybox":true,"showFlares":true,"showImageEffects":true,"showParticleSystems":true,"showVisualEffectGraphs":true,"m_FxEnabled":true},"in2DMode":false,"pivot":{"x":-0.9153826236724854,"y":5.695904731750488,"z":6.998934268951416},"rotation":{"x":-0.06775800883769989,"y":0.08756803721189499,"z":-0.0067862397991120819,"w":-0.9943103194236755},"size":11.512555122375489,"orthographic":false}