{"cameraMode":{"drawMode":0,"name":"Shaded","section":"Shading Mode"},"sceneLighting":true,"audioPlay":false,"sceneViewState":{"m_AlwaysRefresh":false,"showFog":true,"showSkybox":true,"showFlares":true,"showImageEffects":true,"showParticleSystems":true,"showVisualEffectGraphs":true,"m_FxEnabled":true},"in2DMode":false,"pivot":{"x":-21.372814178466798,"y":2.8981597423553469,"z":50.12483215332031},"rotation":{"x":-0.007837162353098393,"y":-0.6566708087921143,"z":0.00698769511654973,"w":-0.7542322278022766},"size":7.132626533508301,"orthographic":false}