{"cameraMode":{"drawMode":0,"name":"Shaded","section":"Shading Mode"},"sceneLighting":true,"audioPlay":false,"sceneViewState":{"m_AlwaysRefresh":false,"showFog":true,"showSkybox":true,"showFlares":true,"showImageEffects":true,"showParticleSystems":true,"showVisualEffectGraphs":true,"m_FxEnabled":true},"in2DMode":false,"pivot":{"x":11.868915557861329,"y":3.1077184677124025,"z":50.499874114990237},"rotation":{"x":-0.039809584617614749,"y":-0.9382152557373047,"z":0.3518047034740448,"w":-0.00459375511854887},"size":16.7723388671875,"orthographic":false}