{"cameraMode":{"drawMode":0,"name":"Shaded","section":"Shading Mode"},"sceneLighting":true,"audioPlay":false,"sceneViewState":{"m_AlwaysRefresh":false,"showFog":true,"showSkybox":true,"showFlares":true,"showImageEffects":true,"showParticleSystems":true,"showVisualEffectGraphs":true,"m_FxEnabled":true},"in2DMode":false,"pivot":{"x":2.4851295948028566,"y":9.777371406555176,"z":-2.1994593143463136},"rotation":{"x":-0.001815514056943357,"y":1.0000337362289429,"z":0.04971810430288315,"w":0.02626683935523033},"size":15.715842247009278,"orthographic":false}