{"cameraMode":{"drawMode":0,"name":"Shaded","section":"Shading Mode"},"sceneLighting":true,"audioPlay":false,"sceneViewState":{"m_AlwaysRefresh":false,"showFog":true,"showSkybox":true,"showFlares":true,"showImageEffects":true,"showParticleSystems":true,"showVisualEffectGraphs":true,"m_FxEnabled":true},"in2DMode":false,"pivot":{"x":-1.8690967559814454,"y":9.127482414245606,"z":12.473258018493653},"rotation":{"x":-0.0018733990145847202,"y":1.0010454654693604,"z":0.03618655726313591,"w":-0.024108894169330598},"size":22.222007751464845,"orthographic":false}