{"cameraMode":{"drawMode":0,"name":"Shaded","section":"Shading Mode"},"sceneLighting":true,"audioPlay":false,"sceneViewState":{"m_AlwaysRefresh":false,"showFog":true,"showSkybox":true,"showFlares":true,"showImageEffects":true,"showParticleSystems":true,"showVisualEffectGraphs":true,"m_FxEnabled":true},"in2DMode":false,"pivot":{"x":1.0713578462600709,"y":-6.107658386230469,"z":52.49832534790039},"rotation":{"x":0.2713501751422882,"y":0.025385664775967599,"z":-0.010777998715639115,"w":0.9641707539558411},"size":13.721233367919922,"orthographic":false}