{"cameraMode":{"drawMode":0,"name":"Shaded","section":"Shading Mode"},"sceneLighting":false,"audioPlay":false,"sceneViewState":{"m_AlwaysRefresh":true,"showFog":true,"showSkybox":false,"showFlares":true,"showImageEffects":true,"showParticleSystems":true,"showVisualEffectGraphs":true,"m_FxEnabled":true},"in2DMode":false,"pivot":{"x":2.349998950958252,"y":1.2999999523162842,"z":12.670000076293946},"rotation":{"x":-0.21643567085266114,"y":-0.22375579178333283,"z":0.047563016414642337,"w":-0.9501613974571228},"size":1.4737849235534669,"orthographic":false}